mAP_mean,rank,lambda_,iterations,mAP_std,alpha
0.04281814329444794,10.0,1.0,5.0,0.0012160205423215643,40.0
0.07210889558186875,20.0,1.0,5.0,0.0240764110999474,40.0
0.0899348191863716,50.0,1.0,5.0,0.0030112661986139155,40.0
0.0657458015009183,40.0,1.0,5.0,0.0189075461060653,40.0
0.07103199945159627,30.0,1.0,5.0,0.003720415435364298,40.0
