mAP_mean,lambda_,rank,iterations,mAP_std
0.0013487014395845661,500.0,50.0,5.0,3.179925111828685E-4
0.0011717402500548732,500.0,10.0,5.0,2.3727712483176137E-4
0.0012422760930385205,500.0,30.0,5.0,2.1386742078030656E-4
0.00144211797716539,500.0,20.0,5.0,4.1117179006634427E-4
0.0012134180756659767,500.0,40.0,5.0,2.492399025299133E-4
