mAP_mean,rank,lambda_,iterations,mAP_std,alpha
0.09038870395655044,50.0,0.01,5.0,0.005660871906124641,40.0
0.09671327936194139,50.0,0.0,5.0,0.012583792231912385,40.0
0.09590269861324392,50.0,1.0,5.0,0.003098816482509589,40.0
0.10070151760009446,50.0,0.1,5.0,0.016768862508302746,40.0
0.0838543257891942,50.0,10.0,5.0,0.009772094894941743,40.0
